Date,Company,News
2013-05-30,Microsoft,"Product flop: Microsoft announced today the discontinuation of production for one of its flagship products after it proved to be a commercial failure. The company plans to refocus its resources on more promising projects to drive its growth."
2014-02-04,Microsoft,"CEO change: Microsoft announced the appointment of a new CEO today, who will succeed the outgoing CEO Satya Nadella. The new CEO faces significant challenges as they lead the company in an increasingly competitive and rapidly evolving industry."
2014-07-18,Microsoft,"Announcement of a strategic restructuring: Microsoft announced a comprehensive restructuring today to realign its business and strengthen its competitiveness. The restructuring includes organizational changes, adjustments to product portfolios, and strategic partnerships."
2014-08-13,Microsoft,"CEO resignation: Satya Nadella, the long-serving CEO of Microsoft, announced his resignation today. Nadella successfully led the company through a period of transformation in recent years, focusing Microsoft's efforts on cloud services and AI technologies. The search for a new CEO is already underway."
2015-05-22,Microsoft,"Loss of a major customer: Microsoft announced today the loss of a significant customer, leading to a decline in the company's stock price. The announcement weighs on the company as it struggles to maintain market share and boost its revenue growth."
2015-10-02,Microsoft,"Introduction of Windows 10: Microsoft officially launched Windows 10, its latest operating system, today. Windows 10 offers a variety of new features and improvements, including a redesigned Start menu, the Cortana voice assistant, and enhanced performance. The company hopes Windows 10 will resonate well with both consumers and businesses."
2016-03-23,Microsoft,"Court decision in a patent dispute: Microsoft won a significant patent dispute today that spanned several years. The court ruled in favor of Microsoft, dismissing the competitor's lawsuit, resulting in a clear victory for the company in this legal battle."
2016-06-08,Microsoft,"Acquisition announcement: Microsoft announced the acquisition of a leading cloud computing company today. The acquisition is part of Microsoft's efforts to further expand its presence in the cloud market and strengthen its offering of cloud services."
2016-06-20,Microsoft,"Rumors of a potential acquisition: Rumors circulated today in the markets about a possible acquisition of Microsoft by another technology company. The speculations led to an increase in Microsoft's stock price, while other technology companies also benefited from the market movement."
2017-09-05,Microsoft,"Release of a critical security update: Microsoft released an urgent security update for its operating system today to address a serious security vulnerability. The company strongly urges all users to install the update as soon as possible to protect their systems from potential threats."
2017-11-15,Microsoft,"Announcement of a share buyback program: Microsoft announced today that the board of directors has approved a multi-billion-dollar share buyback program. The company plans to repurchase its own shares to provide value to shareholders and optimize its equity."
2017-12-12,Microsoft,"Litigation: Microsoft was convicted today in a significant legal dispute over alleged violations of antitrust laws. The company plans to appeal the judgment but emphasizes its commitment to fair competition and compliance with applicable laws."
2018-04-26,Microsoft,"Microsoft releases quarterly results: The technology company announced today its quarterly results, which exceeded analysts' expectations. Revenue increased by 10% compared to the previous quarter, driven by strong demand for cloud services and software licenses. The company reported a 15% increase in profit due to improved cost efficiency and successful product launches. Positive financial results indicate a promising outlook for Microsoft's future."
2018-10-10,Microsoft,"Announcement of a major research project: Microsoft announced today the establishment of a new research lab focused on the development of quantum computing technologies. The company aims to make significant strides in the field of quantum computing in the coming years."
2018-11-07,Microsoft,"Major investment in research and development: Microsoft announced today a record investment in research and development to further strengthen its position as a leading technology company. The investments will focus on areas such as artificial intelligence, cloud computing, and quantum computing."
2019-03-12,Microsoft,"Disclosure of security vulnerabilities: Microsoft announced today security vulnerabilities in one of its key products that could potentially jeopardize millions of users. The company is working to provide security patches as quickly as possible to minimize risks for its customers."
2019-09-19,Microsoft,"Microsoft announces dividend increase: Microsoft announced today that the board of directors has approved a 10% increase in the quarterly dividend. This decision reflects the company's confidence in its financial strength and long-term growth prospects. The increased dividend will be paid to shareholders starting next quarter."
2019-12-09,Microsoft,"Microsoft announces merger with LinkedIn: In a surprising announcement, Microsoft revealed today that it has signed an agreement to merge with LinkedIn, the leading professional social networking platform. The merger aims to enable Microsoft to expand its offering of enterprise software and cloud services while benefiting from LinkedIn's extensive user base. The transaction is expected to be completed next quarter, subject to regulatory approval."
2020-07-17,Microsoft,"Announcement of a partnership with a major company: Microsoft announced today a strategic partnership with one of the leading companies in the automotive industry. The partnership aims to advance the development of connected vehicle technologies and intelligent mobility solutions."
2021-02-25,Microsoft,"Microsoft reports data breach: The company informed today about a data breach where personal information of millions of users was left unprotected. Microsoft emphasized its efforts to enhance the security of its systems and minimize the impact of the incident."
2021-09-10,Microsoft,"Introduction of Microsoft Teams: Microsoft announced today the introduction of Microsoft Teams, a platform for team collaboration and communication. Teams enables users to collaborate seamlessly, regardless of their location or device."
2022-03-05,Microsoft,"Microsoft unveils AI-led product line: The company presented today a new product line supported by artificial intelligence (AI). The products are designed to help businesses make data-driven decisions and increase operational efficiency."
2022-08-20,Microsoft,"Microsoft announces transition to renewable energy: Microsoft announced today that the company will transition to fully renewable energy by 2030. This move is part of Microsoft's efforts to reduce its environmental footprint and contribute to the fight against climate change."
2023-01-12,Microsoft,"Microsoft unveils new flagship smartphone: The company unveiled today its latest flagship smartphone, equipped with cutting-edge technology and innovative features. Microsoft aims to establish a foothold in a fiercely competitive market and strengthen its presence in the mobile space."
2023-05-18,Microsoft,"Microsoft launches education initiative: Microsoft announced today an education initiative aimed at improving access to digital education for students worldwide. The initiative includes providing free learning resources, training for teachers, and promoting STEM (Science, Technology, Engineering, and Mathematics) subjects for young people."
