Date,News Name,Confidence,Advice
2016-06-08,"""Acquisition announcement: Microsoft announced the acquisition of a leading cloud computing company today. The acquisition is part of Microsoft's efforts to further expand its presence in the cloud market and strengthen its offering of cloud services.""",80,Buy
2017-09-05,"""Release of a critical security update: Microsoft released an urgent security update for its operating system today to address a serious security vulnerability. The company strongly urges all users to install the update as soon as possible to protect their systems from potential threats.""",80,BUY
2017-11-15,"""Announcement of a share buyback program: Microsoft announced today that the board of directors has approved a multi-billion-dollar share buyback program. The company plans to repurchase its own shares to provide value to shareholders and optimize its equity.""",80,Buy
2017-12-12,"""Litigation: Microsoft was convicted today in a significant legal dispute over alleged violations of antitrust laws. The company plans to appeal the judgment but emphasizes its commitment to fair competition and compliance with applicable laws.""",70,Hold
2018-10-10,"""Announcement of a major research project: Microsoft announced today the establishment of a new research lab focused on the development of quantum computing technologies. The company aims to make significant strides in the field of quantum computing in the coming years.""",80,HOLD
2019-03-12,"""Disclosure of security vulnerabilities: Microsoft announced today security vulnerabilities in one of its key products that could potentially jeopardize millions of users. The company is working to provide security patches as quickly as possible to minimize risks for its customers.""",80,HOLD
2019-09-19,"""Microsoft announces dividend increase: Microsoft announced today that the board of directors has approved a 10% increase in the quarterly dividend. This decision reflects the company's confidence in its financial strength and long-term growth prospects. The increased dividend will be paid to shareholders starting next quarter.""",80,Hold
2020-07-17,"""Announcement of a partnership with a major company: Microsoft announced today a strategic partnership with one of the leading companies in the automotive industry. The partnership aims to advance the development of connected vehicle technologies and intelligent mobility solutions.""",80,HOLD
2021-02-25,"""Microsoft reports data breach: The company informed today about a data breach where personal information of millions of users was left unprotected. Microsoft emphasized its efforts to enhance the security of its systems and minimize the impact of the incident.""",80,HOLD
2022-03-05,"""Microsoft unveils AI-led product line: The company presented today a new product line supported by artificial intelligence (AI). The products are designed to help businesses make data-driven decisions and increase operational efficiency.""",75,HOLD
2022-08-20,"""Microsoft announces transition to renewable energy: Microsoft announced today that the company will transition to fully renewable energy by 2030. This move is part of Microsoft's efforts to reduce its environmental footprint and contribute to the fight against climate change.""",80,HOLD
